Workbook

Sheet Purchase Request
A1: Item | B1: Vendor Name | C1: Vendor Part Number | D1: Item Description | E1: Currency (eg, USD, AUD, Euro) | F1: Unit Price (Vendor Currency) | G1: Exchange Rate | H1: Quantity | I1: Total Price (NZD) | J1: In Stock | K1: Estimated Delivery Time | L1: Team Name | M1: Link
A2: 1 | B2: Digikey NZ | C2: 1738-SEN0503-ND | D2: SEN0503 IR break beam sensor | E2: NZD | F2: 9.453 | G2: 1 | H2: 5 | I2: =Table3[[#This Row],[Unit Price (Vendor Currency)]]*Table3[[#This Row],[Exchange Rate]]*Table3[[#This Row],[Quantity]] -> 47.265 | J2: Yes | K2: 2WK | L2: dc-p1-team04-2026 | M2: Digikey IR break beam sensor
A3: 2 | B3: Digikey NZ | C3: 433-1028-ND | D3: WT-1205 buzzer | E3: NZD | F3: 1.449 | G3: =_xlfn.XLOOKUP(Table3[[#This Row],[Currency (eg, USD, AUD, Euro)]],'Admin-Data'!$A$11:$A$15,'Admin-Data'!$B$11:$B$15,0) -> 1 | H3: 1 | I3: =Table3[[#This Row],[Unit Price (Vendor Currency)]]*Table3[[#This Row],[Exchange Rate]]*Table3[[#This Row],[Quantity]] -> 1.449 | J3: Yes | K3: 2WK | L3: dc-p1-team04-2026 | M3: buzzer
A4: 3 | G4: 0 | I4: 0
A5: 6 | G5: 0 | I5: 0
A6: 10 | G6: =_xlfn.XLOOKUP(Table3[[#This Row],[Currency (eg, USD, AUD, Euro)]],'Admin-Data'!$A$11:$A$15,'Admin-Data'!$B$11:$B$15,0) -> 0 | I6: =Table3[[#This Row],[Unit Price (Vendor Currency)]]*Table3[[#This Row],[Exchange Rate]]*Table3[[#This Row],[Quantity]] -> 0
A7: 11 | G7: =_xlfn.XLOOKUP(Table3[[#This Row],[Currency (eg, USD, AUD, Euro)]],'Admin-Data'!$A$11:$A$15,'Admin-Data'!$B$11:$B$15,0) -> 0 | I7: =Table3[[#This Row],[Unit Price (Vendor Currency)]]*Table3[[#This Row],[Exchange Rate]]*Table3[[#This Row],[Quantity]] -> 0
A8: 12 | G8: =_xlfn.XLOOKUP(Table3[[#This Row],[Currency (eg, USD, AUD, Euro)]],'Admin-Data'!$A$11:$A$15,'Admin-Data'!$B$11:$B$15,0) -> 0 | I8: =Table3[[#This Row],[Unit Price (Vendor Currency)]]*Table3[[#This Row],[Exchange Rate]]*Table3[[#This Row],[Quantity]] -> 0
A9: 13 | G9: =_xlfn.XLOOKUP(Table3[[#This Row],[Currency (eg, USD, AUD, Euro)]],'Admin-Data'!$A$11:$A$15,'Admin-Data'!$B$11:$B$15,0) -> 0 | I9: =Table3[[#This Row],[Unit Price (Vendor Currency)]]*Table3[[#This Row],[Exchange Rate]]*Table3[[#This Row],[Quantity]] -> 0
A10: 14 | G10: =_xlfn.XLOOKUP(Table3[[#This Row],[Currency (eg, USD, AUD, Euro)]],'Admin-Data'!$A$11:$A$15,'Admin-Data'!$B$11:$B$15,0) -> 0 | I10: =Table3[[#This Row],[Unit Price (Vendor Currency)]]*Table3[[#This Row],[Exchange Rate]]*Table3[[#This Row],[Quantity]] -> 0
A11: 15 | G11: =_xlfn.XLOOKUP(Table3[[#This Row],[Currency (eg, USD, AUD, Euro)]],'Admin-Data'!$A$11:$A$15,'Admin-Data'!$B$11:$B$15,0) -> 0 | I11: =Table3[[#This Row],[Unit Price (Vendor Currency)]]*Table3[[#This Row],[Exchange Rate]]*Table3[[#This Row],[Quantity]] -> 0
A12: 16 | G12: =_xlfn.XLOOKUP(Table3[[#This Row],[Currency (eg, USD, AUD, Euro)]],'Admin-Data'!$A$11:$A$15,'Admin-Data'!$B$11:$B$15,0) -> 0 | I12: =Table3[[#This Row],[Unit Price (Vendor Currency)]]*Table3[[#This Row],[Exchange Rate]]*Table3[[#This Row],[Quantity]] -> 0
A13: 17 | G13: =_xlfn.XLOOKUP(Table3[[#This Row],[Currency (eg, USD, AUD, Euro)]],'Admin-Data'!$A$11:$A$15,'Admin-Data'!$B$11:$B$15,0) -> 0 | I13: =Table3[[#This Row],[Unit Price (Vendor Currency)]]*Table3[[#This Row],[Exchange Rate]]*Table3[[#This Row],[Quantity]] -> 0
A14: 18 | G14: =_xlfn.XLOOKUP(Table3[[#This Row],[Currency (eg, USD, AUD, Euro)]],'Admin-Data'!$A$11:$A$15,'Admin-Data'!$B$11:$B$15,0) -> 0 | I14: =Table3[[#This Row],[Unit Price (Vendor Currency)]]*Table3[[#This Row],[Exchange Rate]]*Table3[[#This Row],[Quantity]] -> 0
A15: 19 | G15: =_xlfn.XLOOKUP(Table3[[#This Row],[Currency (eg, USD, AUD, Euro)]],'Admin-Data'!$A$11:$A$15,'Admin-Data'!$B$11:$B$15,0) -> 0 | I15: =Table3[[#This Row],[Unit Price (Vendor Currency)]]*Table3[[#This Row],[Exchange Rate]]*Table3[[#This Row],[Quantity]] -> 0
A16: 20 | G16: =_xlfn.XLOOKUP(Table3[[#This Row],[Currency (eg, USD, AUD, Euro)]],'Admin-Data'!$A$11:$A$15,'Admin-Data'!$B$11:$B$15,0) -> 0 | I16: =Table3[[#This Row],[Unit Price (Vendor Currency)]]*Table3[[#This Row],[Exchange Rate]]*Table3[[#This Row],[Quantity]] -> 0
A17: Total (NZD) | I17: =SUM(Table3[Total Price (NZD)]) -> 48.714

Sheet Admin-Data
A1: Suppliers
A2: Digikey NZ
A3: Element14 NZ
A4: Jaycar NZ
A5: RS Comp NZ
A6: AliExpress
A7: Ebay
A8: Amazon AU
A10: Currency | B10: Exchange Rate
A11: NZD | B11: 1
A12: AUD | B12: 1.25
A13: USD | B13: 1.75
A14: EUR | B14: 2.05
A15: CNY | B15: 0.25
